"program_success","organizational_profit","employee_performance","retention_recruitment","identity_safety","scenario"
4.42866546808699,4.74655715609758,4.74657026549746,4.51612065160059,4.40838288974986,"Baseline"
4.42993613325088,4.74669805273151,4.74669363090526,4.51684949827048,4.40926143014035,"High Leader Support"
4.42761663030142,4.74644082468941,4.74646849539775,4.51551924746852,4.40765781083399,"Low Cultural Support"
4.42459601501984,4.74669122760212,4.7466427076001,4.51574932483993,4.40781712743687,"Strong Implementation Focus"
4.98043527140598,4.79031932606176,4.79058221968523,5.24689747973109,5.24594248671802,"Hostile Cultural Environment"
5.6271614021125,4.92824537507974,4.92830829330263,5.46662537830899,5.69797563152409,"Crisis Response"
5.69967756990506,6.96380398332011,6.96388712270501,6.04786091670838,5.61984473652168,"Employee-Focused Approach"
5.11065382884681,4.85391510538266,4.85397561839198,5.02951250592113,5.12001852862359,"Mixed Reality"
